word,n
hiddekel,2
tubalcain,2
kittim,2
ludim,2
hul,2
rephaims,2
ishbak,2
halted,2
shrank,2
masrekah,2
merchantmen,2
famished,2
espied,2
tenor,2
serah,2
jahzeel,2
dealest,2
jochebed,2
quaked,2
engrave,2
oiled,2
ossifrage,2
bondmaid,2
reapest,2
journeyings,2
layest,2
medad,2
mattanah,2
pethor,2
shemida,2
dispossess,2
horims,2
populous,2
avouched,2
solemnity,2
distil,2
bethdagon,2
bethhoglah,2
jahazah,2
nachor,2
drawing,2
cursedst,2
bethrehob,2
enrich,2
shaaraim,2
practised,2
causeless,2
partridge,2
zoba,2
helam,2
fourfold,2
generally,2
rogelim,2
bethmaachah,2
adoram,2
lionlike,2
baana,2
geber,2
tiphsah,2
zif,2
shemer,2
minstrel,2
horseman,2
tirhakah,2
sharezer,2
armenia,2
tikvah,2
ashur,2
ahlai,2
shamer,2
izrahiah,2
non,2
jakim,2
pithon,2
employed,2
sacar,2
shooting,2
elzabad,2
mikneiah,2
stable,2
odious,2
zetham,2
jeriah,2
jekameam,2
mijamin,2
glistering,2
lubims,2
invade,2
watercourse,2
keros,2
shalmai,2
gahar,2
gazzam,2
extended,2
elasah,2
miamin,2
hachaliah,2
chisleu,2
furnaces,2
persian,2
marrying,2
altered,2
teresh,2
regarding,2
egg,2
complaints,2
weakeneth,2
gaped,2
reproachfully,2
nephew,2
punishments,2
booth,2
vultures,2
comprehend,2
imparted,2
string,2
forgavest,2
players,2
pricked,2
fattest,2
sparrow,2
quieted,2
gins,2
concourse,2
discord,2
coverings,2
prolongeth,2
concealeth,2
advised,2
slothfulness,2
borrower,2
infamy,2
nitre,2
whip,2
corrected,2
hereunto,2
orator,2
girding,2
stretching,2
grievousness,2
harvestman,2
whirlwinds,2
giver,2
dealers,2
fortresses,2
mate,2
entreat,2
execration,2
miseries,2
appearances,2
melzar,2
countenances,2
sheriffs,2
doubts,2
forecast,2
jareb,2
possessors,2
malachi,2
chorazin,2
transfigured,2
hungered,2
spitefully,2
pennyworth,2
eloi,2
eyewitnesses,2
readest,2
doubtful,2
austere,2
witnesseth,2
odour,2
towel,2
amazement,2
sorcerer,2
publickly,2
travel,2
unseemly,2
maliciousness,2
forbearance,2
enticing,2
liberality,2
infidel,2
traditions,2
effectually,2
cherisheth,2
newness,2
disputings,2
wellpleasing,2
hymenaeus,2
vigilant,2
babblings,2
convince,2
forgetful,2
dignities,2
smyrna,2
deliciously,2
research,2
immediate,2
employees,2
considerable,2
explanation,2
contributions,2
solicit,2
re,2
whales,2
irad,2
mehujael,2
sheddeth,2
calah,2
anamim,2
zemarite,2
diklah,2
slime,2
hai,2
tidal,2
lingered,2
kneel,2
hunting,2
eyed,2
gutters,2
pinon,2
magdiel,2
meadow,2
mess,2
jahleel,2
haggi,2
smitest,2
thirsted,2
louder,2
gored,2
paved,2
selvedge,2
spun,2
embroiderer,2
fried,2
vulture,2
heron,2
lapwing,2
scurvy,2
prune,2
buyest,2
bondmaids,2
mahlites,2
husk,2
mortar,2
eldad,2
everything,2
loatheth,2
bitten,2
beer,2
nahaliel,2
asriel,2
evi,2
reba,2
alush,2
kehelathah,2
zalmonah,2
iim,2
dibongad,2
emims,2
presume,2
adjured,2
mouldy,2
adonizedec,2
halak,2
madmannah,2
joktheel,2
gederoth,2
kirjathbaal,2
zemaraim,2
hammon,2
shaalbim,2
baalhermon,2
locked,2
shamgar,2
ladies,2
bethbarah,2
detain,2
grieveth,2
share,2
goads,2
infant,2
flea,2
hit,2
leaneth,2
cornets,2
eliam,2
comfortable,2
olivet,2
beans,2
lengthen,2
harts,2
apes,2
genubath,2
thicker,2
abishalom,2
cherith,2
painted,2
meetest,2
exacted,2
baladan,2
mustered,2
jarha,2
manahethites,2
eshton,2
amzi,2
imnah,2
eliah,2
bocheru,2
gibeonite,2
adnah,2
tou,2
giddalti,2
romamtiezer,2
mahazioth,2
jehieli,2
story,2
sufficiently,2
zaccai,2
michmas,2
tabbaoth,2
bakbuk,2
hakupha,2
darkon,2
maintenance,2
imprisonment,2
bethhaccerem,2
colhozeh,2
ananiah,2
anaiah,2
saviours,2
testifiedst,2
appeased,2
looseth,2
extinct,2
reputed,2
spark,2
kinsfolk,2
straits,2
bull,2
shelter,2
fain,2
crime,2
inspiration,2
warmeth,2
overtaken,2
talketh,2
frameth,2
extolled,2
spearmen,2
overflowed,2
feedest,2
unjustly,2
comforts,2
tookest,2
waketh,2
acquainted,2
travelleth,2
winketh,2
youths,2
penury,2
wholesome,2
coveteth,2
mast,2
lighteneth,2
camphire,2
shulamite,2
confused,2
evildoer,2
dimon,2
weave,2
deceased,2
shorter,2
sieve,2
lime,2
arphad,2
millstones,2
procured,2
watchers,2
slightly,2
heath,2
vermilion,2
sheshach,2
clouts,2
jezaniah,2
brickkiln,2
offscouring,2
remainest,2
kerchiefs,2
twigs,2
dishonest,2
estates,2
handling,2
porches,2
tekel,2
altereth,2
exploits,2
wakened,2
decision,2
wished,2
breaker,2
nahum,2
imputing,2
earneth,2
variance,2
anon,2
listed,2
outwardly,2
dippeth,2
lackest,2
salome,2
taxing,2
aser,2
partners,2
somebody,2
scorpion,2
johns,2
cappadocia,2
threatened,2
charran,2
sheet,2
pollutions,2
theatre,2
licence,2
martyr,2
wretched,2
resisted,2
stumblingstone,2
conceits,2
renewing,2
preferring,2
wantonness,2
uncomely,2
administered,2
sparingly,2
supplieth,2
affect,2
lowliness,2
hymns,2
couching,2
increasing,2
sometime,2
stedfastness,2
archangel,2
endless,2
deacon,2
*****,2
based,2
ascii,2
physical,2
warranty,2
widest,2
winged,2
replenish,2
aprons,2
methusael,2
almodad,2
archer,2
eldaah,2
naphish,2
daughers,2
galeed,2
zepho,2
cheran,2
bedad,2
jetheth,2
mibzar,2
shuni,2
areli,2
homeborn,2
theft,2
thereout,2
sprinkleth,2
cuckow,2
inflammation,2
gender,2
wizard,2
scabbed,2
libnites,2
complained,2
henceforward,2
fringe,2
helek,2
tahan,2
havothjair,2
dophkah,2
mithcah,2
moseroth,2
liberally,2
glutton,2
circumcising,2
espy,2
telem,2
ashnah,2
socoh,2
pransings,2
lapped,2
upbraid,2
tob,2
tie,2
cook,2
childhood,2
bribe,2
bedan,2
sharpen,2
migron,2
ascribed,2
gallim,2
ithream,2
quietly,2
eliphalet,2
flagon,2
shobach,2
gilonite,2
exile,2
defeat,2
wallowed,2
gob,2
harodite,2
arbathite,2
adoniram,2
partition,2
bethink,2
clad,2
ginath,2
shilhi,2
bears,2
vestments,2
zibiah,2
rebellest,2
huldah,2
tanhumeth,2
ephlal,2
malcham,2
sheariah,2
jehoiarib,2
mighties,2
bukkiah,2
engines,2
marvellously,2
cononiah,2
meddling,2
mithredath,2
hatipha,2
frustrate,2
certified,2
apharsachites,2
hashabniah,2
troubling,2
arcturus,2
acquit,2
writest,2
choosest,2
eased,2
sweetly,2
dayspring,2
ha,2
leasing,2
flatter,2
fraud,2
changeth,2
restoreth,2
encampeth,2
deliverest,2
tarrying,2
forgettest,2
desirest,2
whiter,2
haters,2
finest,2
forgiveth,2
extend,2
skipped,2
truths,2
speaker,2
studieth,2
innermost,2
brawling,2
debts,2
lemuel,2
sew,2
flourished,2
corrupters,2
forsaking,2
dimness,2
nimrim,2
hasting,2
sprigs,2
piercing,2
refreshing,2
munition,2
villany,2
crane,2
cane,2
stinketh,2
undo,2
soap,2
slanders,2
azur,2
considerest,2
hammelech,2
libyans,2
diet,2
peril,2
battering,2
crimes,2
writers,2
quaking,2
albeit,2
arvad,2
basest,2
tilled,2
hamongog,2
gallery,2
heated,2
sentences,2
growth,2
shipmaster,2
tempter,2
pinnacle,2
mending,2
winebibber,2
mint,2
pestilences,2
afoot,2
matthat,2
instantly,2
decease,2
strengthening,2
listeth,2
threatenings,2
blasphemous,2
lucius,2
paphos,2
affected,2
mysia,2
conformed,2
sabaoth,2
soberly,2
idolater,2
burdened,2
blamed,2
apprehend,2
predestinated,2
feeling,2
maaziah,2
greece,2
eyeservice,2
furtherance,2
conflict,2
naturally,2
fellowsoldier,2
laodiceans,2
striker,2
selfwilled,2
worldly,2
twoedged,2
principles,2
contradiction,2
faultless,2
hearer,2
adorning,2
jude,2
pergamos,2
nicolaitanes,2
formats,2
pglaf,2
does,2
federal,2
dr,2
version,2
cool,2
amongst,2
asswaged,2
lehabim,2
arkite,2
jerah,2
ellasar,2
zeboiim,2
shaveh,2
bered,2
knead,2
abimelechs,2
zimran,2
massa,2
hadar,2
beeri,2
findest,2
avith,2
fatfleshed,2
plenteousness,2
canaanitish,2
eri,2
sorely,2
task,2
rie,2
coriander,2
revile,2
ingathering,2
carving,2
hare,2
gier,2
greenish,2
freedom,2
marks,2
weighing,2
stilled,2
pole,2
jaazer,2
cozbi,2
hezronites,2
bethnimrah,2
shapher,2
akrabbim,2
shepham,2
rabbath,2
plantedst,2
succeedest,2
firstfruit,2
desiredst,2
guilt,2
stealing,2
newly,2
freed,2
chinneroth,2
merom,2
anab,2
gittites,2
ether,2
giloh,2
sarid,2
cabul,2
lefthanded,2
phurah,2
sharply,2
magistrate,2
retired,2
chilion,2
orpah,2
restorer,2
rang,2
mattocks,2
threshingfloors,2
ziphites,2
retire,2
approached,2
conducted,2
unsavoury,2
stamp,2
cupbearers,2
warriors,2
loft,2
venture,2
shomer,2
jehoaddan,2
gadi,2
tartan,2
azaliah,2
college,2
evilmerodach,2
chelub,2
ahi,2
senir,2
sibbecai,2
shophach,2
beno,2
eliathah,2
prosperously,2
tenderhearted,2
rulest,2
jehoshabeath,2
corruptly,2
mehida,2
harsha,2
neziah,2
sotai,2
zebaim,2
elamites,2
chaldean,2
noadiah,2
rubbish,2
ginnethon,2
amok,2
bray,2
concealed,2
renewest,2
narrowly,2
restrain,2
gendereth,2
coral,2
weigheth,2
deck,2
darling,2
washpot,2
issues,2
awakest,2
coveredst,2
reel,2
decrease,2
gnash,2
rase,2
dasheth,2
heights,2
lurk,2
ponder,2
payed,2
tapestry,2
scornest,2
famish,2
obtaineth,2
pacifieth,2
friendship,2
reprover,2
perverting,2
tires,2
remaliahs,2
wines,2
pale,2
lighting,2
recompences,2
wakeneth,2
polluting,2
wasting,2
termed,2
winefat,2
cisterns,2
innocents,2
forefathers,2
procure,2
dreamers,2
satiate,2
subscribed,2
swaddled,2
purer,2
deckedst,2
boasted,2
hauran,2
servest,2
choler,2
gloominess,2
heaped,2
partial,2
roboam,2
eliud,2
torments,2
prayest,2
single,2
councils,2
gluttonous,2
choke,2
pearl,2
moneychangers,2
guides,2
stonest,2
delayeth,2
gethsemane,2
foaming,2
overshadow,2
sorrowing,2
impart,2
hoping,2
labourer,2
excused,2
derided,2
baptizeth,2
containing,2
murmuring,2
barsabas,2
matthias,2
proselytes,2
foreknowledge,2
chanaan,2
sychem,2
edified,2
unlawful,2
signified,2
lycaonia,2
endeavoured,2
charging,2
sosthenes,2
cenchrea,2
appeal,2
unreasonable,2
julius,2
publius,2
affections,2
gentile,2
enriched,2
discerning,2
differeth,2
sting,2
permit,2
communicated,2
revellings,2
melech,2
pacified,2
azor,2
dissimulation,2
forwardness,2
menpleasers,2
unblameable,2
rudiments,2
richly,2
purity,2
express,2
sensual,2
brute,2
philadelphia,2
inhabiters,2
royalties,2
concept,2
redistribution,2
available,2
implied,2
page,2
sewed,2
smelled,2
madai,2
calneh,2
arvadite,2
hamathite,2
gether,2
moriah,2
boys,2
mahalath,2
strakes,2
mehetabel,2
nuts,2
earing,2
ohad,2
couched,2
bulrushes,2
killedst,2
elzaphan,2
kneadingtroughs,2
aul,2
manservants,2
witch,2
fryingpan,2
bat,2
scraped,2
undressed,2
dedicating,2
taberah,2
fringes,2
purifieth,2
wiles,2
rithmah,2
haradah,2
benejaakan,2
ebronah,2
punon,2
zedad,2
satisfaction,2
bedstead,2
vowest,2
cloven,2
forcing,2
bastard,2
tithing,2
joyfulness,2
jasher,2
madon,2
bohan,2
nephtoah,2
michmethah,2
jebusi,2
allon,2
expel,2
anath,2
ishmaelites,2
baalberith,2
minnith,2
fleshhook,2
smallest,2
mattock,2
flew,2
melchishua,2
elishua,2
ishtob,2
eveningtide,2
faulty,2
banished,2
humbly,2
ribai,2
floats,2
floors,2
sacrificing,2
abelbethmaachah,2
hostages,2
nisroch,2
henoch,2
abishur,2
gazez,2
nogah,2
helah,2
joha,2
eshbaal,2
oversee,2
jarah,2
becamest,2
jehdeiah,2
shelomoth,2
joshbekashah,2
asuppim,2
helmets,2
meshillemoth,2
negligent,2
win,2
treasurer,2
bilshan,2
hattil,2
tekoites,2
thanksgivings,2
lading,2
whale,2
spiders,2
wink,2
reasons,2
shady,2
waxeth,2
petitions,2
deceits,2
heapeth,2
charmers,2
wealthy,2
flourisheth,2
openest,2
verity,2
hearkeneth,2
roasteth,2
foreseeth,2
bountiful,2
kisses,2
almond,2
beloveds,2
cottage,2
doleful,2
viols,2
luhith,2
toss,2
fading,2
plowman,2
dreameth,2
revilings,2
lovedst,2
reserveth,2
evidences,2
vanished,2
rampart,2
playedst,2
departure,2
hethlon,2
taxes,2
raising,2
hemlock,2
foreigners,2
sharper,2
gazingstock,2
stablisheth,2
achaz,2
jeremy,2
tittle,2
hereof,2
thaddaeus,2
zebedees,2
proselyte,2
jairus,2
thronged,2
foretold,2
swaddling,2
shape,2
arrived,2
latin,2
stooping,2
communications,2
needed,2
patriarch,2
aeneas,2
bithynia,2
crispus,2
persuading,2
blasphemers,2
unmoveable,2
barbarians,2
describeth,2
spain,2
celestial,2
trump,2
commendation,2
watchings,2
perfecting,2
countrymen,2
revelations,2
envyings,2
waterpots,2
lawfully,2
sobriety,2
deceiving,2
philemon,2
sara,2
pilgrims,2
admiration,2
rainbow,2
jacinth,2
paying,2
rules,2
registered,2
active,2
costs,2
lieu,2
locations,2
restrictions,2
ribs,2
artificer,2
sevens,2
noahs,2
ararat,2
tiras,2
naphtuhim,2
pathrusim,2
uzal,2
abimael,2
amraphel,2
possessor,2
kedemah,2
hindermost,2
lotans,2
dinhabah,2
iram,2
solemnly,2
sered,2
ravin,2
respite,2
boils,2
mill,2
urgent,2
triumphed,2
rehearse,2
composition,2
weaver,2
assembling,2
coney,2
swan,2
mouse,2
owneth,2
plaistered,2
blemishes,2
forbeareth,2
hobab,2
bamoth,2
advertise,2
sheth,2
kenath,2
rissah,2
tarah,2
jotbathah,2
almondiblathaim,2
ahihud,2
sirion,2
shenir,2
risest,2
filledst,2
stubbornness,2
coverest,2
craftsman,2
failing,2
ekronites,2
eltolad,2
janohah,2
daberath,2
eltekeh,2
requited,2
abiezrites,2
firebrand,2
wayside,2
shual,2
shochoh,2
disdained,2
adriel,2
slipped,2
missing,2
carmelitess,2
obeyedst,2
ashurites,2
abital,2
gazer,2
sheepcote,2
lines,2
front,2
apparelled,2
gently,2
trimmed,2
rebuking,2
avengeth,2
eliahba,2
shaalbonite,2
addition,2
sixscore,2
clapped,2
shimeath,2
piss,2
allowance,2
jekamiah,2
netophathites,2
mered,2
singer,2
rapha,2
imri,2
aaronites,2
elipheleh,2
mallothi,2
heldai,2
cellars,2
artificers,2
ambushment,2
apothecaries,2
hatita,2
padon,2
harhur,2
reviving,2
nisan,2
fox,2
decayed,2
shewedst,2
forsookest,2
preparing,2
assault,2
upholden,2
swalloweth,2
vanisheth,2
castest,2
hangeth,2
causest,2
buzite,2
provideth,2
liking,2
satest,2
presumptuous,2
whisper,2
holyday,2
billows,2
smoother,2
waterest,2
wrathful,2
feathered,2
declineth,2
concerneth,2
wellspring,2
seemly,2
weighty,2
rash,2
choicest,2
immanuel,2
abhorrest,2
carchemish,2
berries,2
wrap,2
pile,2
stakes,2
produce,2
brokenhearted,2
horribly,2
bruit,2
discontinue,2
roofs,2
taunt,2
medicines,2
wanderers,2
pekod,2
pouring,2
bruising,2
syene,2
forms,2
squares,2
ulai,2
messiah,2
loruhamah,2
revengeth,2
joatham,2
josias,2
lunatick,2
keys,2
whited,2
hymn,2
sandals,2
foameth,2
theophilus,2
mattathias,2
seasoned,2
messias,2
believers,2
proving,2
evidently,2
agabus,2
pisidia,2
despisers,2
religious,2
tertullus,2
scarcely,2
predestinate,2
comparing,2
leaveneth,2
prize,2
unworthily,2
supplied,2
ministereth,2
shipwreck,2
schoolmaster,2
agar,2
jered,2
northern,2
lama,2
onesimus,2
fervently,2
fellowlabourer,2
busybodies,2
acceptation,2
gravity,2
partiality,2
accepting,2
ascendeth,2
protect,2
redistributing,2
property,2
references,2
vanilla,2
accordance,2
$,2
breed,2
riphath,2
pigeon,2
communing,2
current,2
medan,2
sod,2
sporting,2
pilled,2
troughs,2
fleddest,2
eshban,2
mezahab,2
potiphar,2
numbering,2
jemuel,2
shillem,2
nursed,2
determine,2
coupleth,2
inclosings,2
today,2
crop,2
appertaineth,2
trespassing,2
ospray,2
kite,2
snail,2
sowing,2
estimate,2
uzzielites,2
mushites,2
liquor,2
igal,2
appertain,2
shuhamites,2
jogbehah,2
dispossessed,2
rimmonparez,2
makheloth,2
obstinate,2
geshuri,2
gudgodah,2
cleft,2
transgressing,2
beatest,2
botch,2
conversant,2
misrephothmaim,2
avites,2
adummim,2
jabneel,2
arabah,2
jiphthahel,2
leshem,2
quarries,2
writer,2
lappeth,2
zalmon,2
sheets,2
wants,2
nearer,2
lowing,2
bethshemite,2
adversities,2
grayheaded,2
step,2
meeting,2
tarrieth,2
eglah,2
gittaim,2
traveller,2
harrows,2
cheese,2
sheva,2
sibbechai,2
ahiam,2
zelek,2
abda,2
convey,2
condemning,2
feignest,2
ahabs,2
imlah,2
situation,2
furiously,2
amittai,2
pledges,2
persuadeth,2
hephzibah,2
asahiah,2
wardrobe,2
shua,2
appaim,2
jesaiah,2
ziza,2
helem,2
zophah,2
jehoadah,2
binea,2
uthai,2
antothite,2
jesiah,2
hothir,2
zabdiel,2
meronothite,2
constant,2
attent,2
servitude,2
imla,2
senaah,2
shobai,2
barkos,2
telmelah,2
casiphia,2
india,2
escheweth,2
correcteth,2
desperate,2
discovereth,2
lookest,2
triumphing,2
highness,2
constraineth,2
calve,2
redeemeth,2
presseth,2
reproofs,2
overpast,2
displayed,2
stouthearted,2
gebal,2
wherewithal,2
panted,2
garners,2
securely,2
perfumed,2
erreth,2
perceivest,2
waster,2
lender,2
babbler,2
turtle,2
espousals,2
leopards,2
lock,2
sucked,2
drown,2
viol,2
seraphims,2
mahershalalhashbaz,2
offender,2
churl,2
incensed,2
striveth,2
approaching,2
plowmen,2
cage,2
uphaz,2
snuffed,2
kirheres,2
grapegatherers,2
remembering,2
subvert,2
adamant,2
unequal,2
extortion,2
gorgeously,2
calkers,2
occupy,2
talkers,2
science,2
dominions,2
allure,2
closet,2
formeth,2
moloch,2
couches,2
brotherhood,2
storehouse,2
josaphat,2
abiud,2
sadoc,2
achim,2
garner,2
unquenchable,2
thirtyfold,2
regeneration,2
wagging,2
tame,2
questioning,2
lordship,2
guestchamber,2
rufus,2
doctors,2
melchi,2
zelotes,2
behoved,2
worshipper,2
sina,2
tabitha,2
dorcas,2
unworthy,2
recommended,2
subverting,2
jewess,2
serjeants,2
uncondemned,2
miletus,2
evangelist,2
fathoms,2
concern,2
boasters,2
mortify,2
severity,2
briefly,2
wronged,2
equality,2
avoiding,2
professed,2
zealously,2
principality,2
savourest,2
sincere,2
epaphroditus,2
fellowlabourers,2
fellowprisoner,2
wavering,2
sooner,2
tamed,2
promoting,2
effort,2
legal,2
computers,2
exempt,2
anywhere,2
bdellium,2
fugitive,2
dodanim,2
phut,2
babel,2
casluhim,2
sinite,2
sheleph,2
hazarmaveth,2
nahors,2
dale,2
melchizedek,2
sinning,2
wombs,2
thicket,2
multiplying,2
lahairoi,2
adbeel,2
rebekahs,2
chode,2
shechems,2
aran,2
matred,2
hirah,2
acknowledged,2
zarah,2
interpretations,2
blossoms,2
bundles,2
lads,2
ezbon,2
begettest,2
biteth,2
atad,2
blains,2
foreigner,2
sank,2
fist,2
stripe,2
ligure,2
delayed,2
overlaying,2
riddance,2
amramites,2
cucumbers,2
oshea,2
clearing,2
peleth,2
ijeabarim,2
hashmonah,2
horhagidgad,2
manslayer,2
possesseth,2
hornet,2
plea,2
adventure,2
enshemesh,2
azem,2
juttah,2
zelah,2
bethmarcaboth,2
helkath,2
timnathserah,2
bochim,2
ibzan,2
zebulonite,2
hillel,2
nephews,2
miss,2
elimelechs,2
dealings,2
goodliest,2
climbed,2
paw,2
meholathite,2
huntest,2
jerahmeelites,2
bier,2
thinking,2
succoured,2
defended,2
axletrees,2
graved,2
hinges,2
justifying,2
tadmor,2
jeroboams,2
driver,2
plat,2
shalmaneser,2
rezeph,2
dial,2
wipeth,2
reckoning,2
ashchenaz,2
nebaioth,2
ozem,2
jada,2
seled,2
sisamai,2
pelet,2
shaaph,2
jehozadak,2
shashak,2
zilthai,2
doorkeepers,2
shecaniah,2
hezir,2
jaaziah,2
scholar,2
causeway,2
parbar,2
husbandry,2
habergeons,2
netophah,2
besai,2
sophereth,2
pochereth,2
habaiah,2
assur,2
banishment,2
zabbai,2
adna,2
meah,2
hariph,2
preservest,2
kolaiah,2
sallai,2
profaning,2
mordecais,2
pleiades,2
searchest,2
inhabiteth,2
flattery,2
barachel,2
titles,2
wearieth,2
respecteth,2
contemn,2
imputeth,2
moisture,2
hypocritical,2
gnashed,2
volume,2
bendeth,2
rememberest,2
flourishing,2
answeredst,2
conies,2
watersprings,2
noses,2
edged,2
durable,2
tilleth,2
satisfying,2
fining,2
medicine,2
enquiry,2
embracing,2
requireth,2
points,2
loftiness,2
mingle,2
angle,2
watchtower,2
stammering,2
oars,2
scroll,2
hatch,2
brow,2
planting,2
shameful,2
morasthite,2
intents,2
irijah,2
armholes,2
rabmag,2
compassions,2
breathing,2
tales,2
inordinate,2
committing,2
middlemost,2
watcher,2
spouses,2
rowed,2
halteth,2
drag,2
ozias,2
ezekias,2
matthan,2
needle,2
killest,2
rumours,2
sabachthani,2
dawn,2
throng,2
mites,2
buffet,2
agreeth,2
cyrenian,2
performance,2
unthankful,2
citizen,2
absence,2
changers,2
expecting,2
patriarchs,2
consenting,2
beckoning,2
passions,2
landed,2
assos,2
christian,2
courteously,2
helps,2
reasonable,2
fornicator,2
prophecies,2
uncertain,2
terrestrial,2
epistles,2
fightings,2
sorrowed,2
pulling,2
galatians,2
jechonias,2
philippians,2
beguile,2
archippus,2
adorn,2
onesiphorus,2
imposed,2
testator,2
harpers,2
files,2
owns,2
nearly,2
intellectual,2
prominently,2
specified,2
computer,2
electronically,2
readable,2
