word,n
online,4
breathed,4
seba,4
lud,4
dumah,4
discerned,4
brown,4
grisled,4
jaalam,4
widowhood,4
faults,4
blame,4
shimron,4
hoar,4
outmost,4
consecrations,4
voluntary,4
swearing,4
saddle,4
adulteress,4
thenceforth,4
loathsome,4
shammua,4
ascent,4
livest,4
lendeth,4
furnish,4
dedicate,4
seize,4
mephaath,4
hazarshual,4
ordered,4
danites,4
jaw,4
elimelech,4
pains,4
tribulations,4
leaping,4
weepeth,4
chimham,4
lover,4
folding,4
girt,4
corpses,4
taxed,4
nineteenth,4
vinedressers,4
salma,4
mikloth,4
proper,4
fortified,4
stablished,4
declined,4
treasurers,4
yieldeth,4
hatach,4
withholdeth,4
resteth,4
drops,4
reproveth,4
soundness,4
miry,4
plentiful,4
noisome,4
swiftly,4
spareth,4
cheerful,4
transgresseth,4
filth,4
joyous,4
publisheth,4
reprobate,4
wake,4
eminent,4
markets,4
herods,4
neglect,4
owest,4
released,4
arimathaea,4
loosing,4
denieth,4
doubting,4
sop,4
oracles,4
regions,4
ephesians,4
hearers,4
hospitality,4
edification,4
resort,4
sprinkling,4
railing,4
mission,4
phrase,4
holder,4
fees,4
damages,4
togarmah,4
nimrod,4
dowry,4
experience,4
adder,4
etham,4
quails,4
lace,4
walled,4
valued,4
lusted,4
abarim,4
kedemoth,4
assayed,4
unwise,4
asps,4
sibmah,4
enrogel,4
gaash,4
comparison,4
complain,4
pipe,4
micha,4
sodomites,4
trumpeters,4
zachariah,4
apt,4
shimea,4
meribbaal,4
amiss,4
covenanted,4
azgad,4
nekoda,4
revenue,4
joiakim,4
joiada,4
crafty,4
overturn,4
understandest,4
diadem,4
mourners,4
lovingkindnesses,4
practise,4
justifieth,4
rags,4
adulterous,4
sores,4
declareth,4
adorned,4
carefulness,4
shamefully,4
pair,4
plumbline,4
harmless,4
faithless,4
incorruptible,4
incorruption,4
silvanus,4
communicate,4
status,4
salem,4
tens,4
jokshan,4
labans,4
longeth,4
laded,4
lothe,4
sever,4
visiting,4
rear,4
woven,4
forgiving,4
wrung,4
ranges,4
spreading,4
spue,4
scourged,4
beginnings,4
hoglah,4
shuthelah,4
landmark,4
terrified,4
noised,4
jokneam,4
kirjathsepher,4
ashan,4
achzib,4
shamir,4
jattir,4
calebs,4
abinoam,4
calledst,4
howsoever,4
arrogancy,4
defrauded,4
thickets,4
nabals,4
beerothite,4
shobab,4
counselled,4
maachathite,4
azubah,4
jehozabad,4
conduit,4
salathiel,4
kore,4
meshelemiah,4
shemiramoth,4
arabian,4
stoop,4
consumeth,4
disposed,4
addeth,4
vapour,4
trembleth,4
scorneth,4
footsteps,4
pavilion,4
extol,4
barns,4
rebuketh,4
dinner,4
labouring,4
shorn,4
wellbeloved,4
government,4
seller,4
declaring,4
marrieth,4
hanameel,4
ink,4
salted,4
debtor,4
fellowservants,4
pontius,4
augustus,4
annas,4
centurions,4
apostleship,4
exhorting,4
commendeth,4
unfeigned,4
editions,4
//pglaf,4
mizraim,4
zohar,4
keturah,4
isaacs,4
timna,4
onam,4
ishmeelites,4
shamed,4
pilgrimage,4
dignity,4
pihahiroth,4
sardius,4
unholy,4
carnally,4
quarrel,4
numbers,4
appointment,4
roebuck,4
sicknesses,4
swept,4
fugitives,4
abiah,4
advanced,4
raisins,4
rizpah,4
mulberry,4
tare,4
barefoot,4
gentleness,4
attendance,4
lied,4
driveth,4
witchcrafts,4
consented,4
arpad,4
pharaohnechoh,4
attai,4
eleasah,4
uriel,4
ulam,4
caterpillers,4
giddel,4
shimshai,4
babylonians,4
expenses,4
zeresh,4
availeth,4
sabeans,4
naamathite,4
sparks,4
trap,4
liftest,4
convinced,4
esteemeth,4
contemned,4
envious,4
nests,4
scorners,4
bloweth,4
melody,4
act,4
cloak,4
climb,4
cured,4
outer,4
signed,4
hosea,4
reject,4
peters,4
murders,4
yes,4
excess,4
doubted,4
bodily,4
unbelievers,4
cana,4
signifying,4
corinthians,4
signify,4
appealed,4
communion,4
tharshish,4
pilots,4
displaying,4
site,4
title,4
toil,4
hunter,4
horror,4
bowing,4
meanest,4
husham,4
asss,4
childs,4
korhites,4
sentest,4
cormorant,4
yellow,4
divorced,4
fiftieth,4
alter,4
deuel,4
renowned,4
elizaphan,4
ahiman,4
gileadites,4
eziongaber,4
carefully,4
maachathites,4
driving,4
chushanrishathaim,4
wonderfully,4
ahiah,4
lovely,4
baalperazim,4
ithrite,4
oughtest,4
stalls,4
undersetters,4
stays,4
yarn,4
whips,4
sustain,4
juniper,4
plowing,4
baalzebub,4
fullers,4
cistern,4
smiths,4
arah,4
lod,4
cieled,4
adin,4
lieutenants,4
commandedst,4
declaration,4
potsherd,4
terrify,4
stout,4
vanish,4
inferior,4
weather,4
abase,4
boasteth,4
flames,4
upholdeth,4
wiped,4
strifes,4
swines,4
ambassador,4
hardeneth,4
stumbleth,4
debate,4
silk,4
latchet,4
cummin,4
returning,4
idumea,4
wallow,4
strangled,4
sparrows,4
farewell,4
impotent,4
resisteth,4
dispensation,4
elements,4
ages,4
strings,4
alpha,4
omega,4
located,4
requirements,4
eve,4
rehoboth,4
hadoram,4
pillows,4
tabret,4
dreamer,4
judahs,4
commanding,4
migdol,4
shaft,4
firepans,4
swell,4
oboth,4
mahlah,4
encourage,4
bethpeor,4
gerizim,4
hers,4
betroth,4
view,4
chephirah,4
describe,4
intend,4
dish,4
bramble,4
rendered,4
jebus,4
thundered,4
commonly,4
piped,4
keepest,4
girdeth,4
witnessed,4
burying,4
jaazaniah,4
abia,4
pethahiah,4
stewards,4
thickness,4
koz,4
hashub,4
treading,4
fastings,4
stoppeth,4
rush,4
appetite,4
barn,4
beholdest,4
spoileth,4
thirsteth,4
tempestuous,4
fainteth,4
stormy,4
causing,4
horonaim,4
framed,4
thresh,4
considering,4
yokes,4
continuing,4
jehudi,4
flute,4
reaped,4
readeth,4
bartholomew,4
householder,4
abased,4
derbe,4
ungodliness,4
glorying,4
unmarried,4
particular,4
earthy,4
additional,4
contact,4
kiriathaim,4
epher,4
bilhan,4
samlah,4
interpreter,4
doubled,4
rameses,4
manassehs,4
unstable,4
bricks,4
pallu,4
shoulderpieces,4
edges,4
diamond,4
bells,4
cinnamon,4
flat,4
blowing,4
resting,4
fresh,4
passage,4
israelite,4
chinnereth,4
golan,4
privy,4
exceed,4
breathe,4
achsah,4
favourable,4
mice,4
sucklings,4
happen,4
darts,4
regardest,4
elhanan,4
steel,4
ranks,4
ammonitess,4
licked,4
govern,4
jabez,4
lamentations,4
sheshbazzar,4
henadad,4
shetharboznai,4
hananeel,4
performeth,4
zophar,4
untimely,4
condemneth,4
blown,4
beholdeth,4
destroyers,4
accepteth,4
advantage,4
crush,4
race,4
fears,4
sharpened,4
farther,4
knocketh,4
galleries,4
reapeth,4
lees,4
deaths,4
rechabites,4
shower,4
paps,4
sackbut,4
quake,4
grecians,4
knock,4
sanctifieth,4
cyrene,4
forbidding,4
thyatira,4
backslidings,4
whoremongers,4
bishop,4
denying,4
alleluia,4
copying,4
format,4
late,4
mesha,4
mishma,4
lentiles,4
rightly,4
shear,4
graciously,4
hori,4
shaved,4
bundle,4
benjamins,4
hushim,4
guni,4
ephraims,4
heels,4
jehovah,4
nepheg,4
stank,4
lintel,4
baked,4
healeth,4
chide,4
massah,4
tool,4
pans,4
bell,4
apothecary,4
cloths,4
scapegoat,4
hoary,4
firstripe,4
ignorantly,4
peor,4
pierce,4
fortieth,4
hazarenan,4
flieth,4
tributaries,4
whet,4
expelled,4
moladah,4
bethzur,4
gathrimmon,4
ho,4
stump,4
rehearsed,4
delicately,4
bethlehemite,4
ruddy,4
uzzah,4
beards,4
shimeah,4
coal,4
conferred,4
springeth,4
pul,4
helpeth,4
shod,4
tatnai,4
prospereth,4
deeps,4
destroyest,4
forgetteth,4
navel,4
sleepest,4
vapours,4
fitly,4
fitches,4
compare,4
lady,4
gabriel,4
contemptible,4
mammon,4
owed,4
baptizing,4
launched,4
allow,4
accompanied,4
italy,4
temperance,4
permitted,4
unruly,4
profession,4
antichrist,4
creating,4
individual,4
date,3
thistles,3
organ,3
horites,3
confederate,3
turtledove,3
phichol,3
sinew,3
handmaidens,3
hamul,3
flags,3
backside,3
eloquent,3
swarm,3
amethyst,3
habergeon,3
plate,3
lighteth,3
ahisamach,3
wring,3
clovenfooted,3
chew,3
grasshopper,3
fretting,3
scrape,3
adulterer,3
complete,3
standards,3
hindmost,3
slander,3
midianitish,3
nemuel,3
jashub,3
confirmeth,3
kenezite,3
caphtor,3
occasions,3
mischiefs,3
salcah,3
betharabah,3
gaba,3
bethanath,3
broth,3
sincerely,3
firebrands,3
sufficed,3
target,3
pillow,3
impute,3
forbare,3
pleaded,3
besor,3
saws,3
amnons,3
tekoah,3
feign,3
dromedaries,3
planks,3
eloth,3
boiled,3
executing,3
pekahiah,3
plummet,3
hemath,3
pelaiah,3
adiel,3
tilgathpilneser,3
alemeth,3
malchishua,3
prudence,3
bearers,3
pommels,3
prepareth,3
zattu,3
bezai,3
records,3
horonite,3
infants,3
shooteth,3
drieth,3
miserable,3
winepresses,3
roareth,3
destructions,3
powerful,3
satisfieth,3
ate,3
cared,3
stringed,3
loving,3
abounding,3
harder,3
greedily,3
copied,3
ruined,3
decrees,3
sift,3
deeply,3
goldsmith,3
brier,3
reserve,3
glorieth,3
fornications,3
dulcimer,3
phares,3
booz,3
crumbs,3
bethphage,3
unloose,3
legion,3
gospels,3
luke,3
intending,3
extortioners,3
napkin,3
didymus,3
godhead,3
demetrius,3
covenants,3
fornicators,3
unspeakable,3
marcus,3
holiest,3
breastplates,3
complying,3
below,3
donate,3
www,3
yesternight,3
wondering,3
scarce,3
deferred,3
adullamite,3
huppim,3
ard,3
assigned,3
whelp,3
puah,3
delay,3
engraver,3
wafer,3
numberest,3
calamus,3
graving,3
mastery,3
spin,3
rinsed,3
cuttings,3
celebrate,3
journeying,3
reverse,3
nobah,3
pictures,3
pricks,3
ashdothpisgah,3
consuming,3
special,3
inquisition,3
liketh,3
suckling,3
slide,3
fords,3
coveted,3
ajalon,3
kerioth,3
engannim,3
avenging,3
telling,3
pin,3
carriage,3
peninnah,3
tingle,3
reaping,3
naughtiness,3
missed,3
bethshan,3
ibhar,3
buttocks,3
turnest,3
jerusalems,3
kinsfolks,3
tibni,3
segub,3
habor,3
rabsaris,3
hena,3
hodaviah,3
ebiasaph,3
mahath,3
wards,3
overflown,3
michah,3
tobijah,3
roasted,3
thresholds,3
presses,3
hegai,3
pur,3
deputies,3
stagger,3
consolations,3
sharpeneth,3
whereto,3
attended,3
striketh,3
operation,3
rebukes,3
inwardly,3
promotion,3
polished,3
frowardness,3
pondereth,3
study,3
smelling,3
leaning,3
tinkling,3
tumultuous,3
paper,3
carpenter,3
revolters,3
wag,3
nazarites,3
libya,3
wail,3
sup,3
rust,3
speechless,3
lawyer,3
famines,3
spunge,3
betrayeth,3
confirming,3
joanna,3
tiberias,3
hours,3
pentecost,3
readiness,3
testifying,3
necessities,3
professing,3
chiefly,3
highminded,3
honestly,3
edifieth,3
nephthalim,3
riot,3
entity,3
b,3
paragraphs,3
equipment,3
limitation,3
vagabond,3
moreh,3
kemuel,3
errand,3
milch,3
meeteth,3
marriages,3
midwife,3
bakers,3
potipherah,3
ponds,3
sojourning,3
fighteth,3
enemys,3
thereat,3
handbreadth,3
forbidden,3
lip,3
enchantment,3
fleeing,3
chargers,3
preparest,3
dwellingplace,3
establisheth,3
sheepfolds,3
baalmeon,3
zered,3
moabite,3
longing,3
drawers,3
eder,3
shunem,3
baalath,3
dirt,3
lattice,3
rushed,3
eater,3
jawbone,3
suit,3
weepest,3
wearing,3
situate,3
beating,3
fighting,3
expressly,3
behaviour,3
spittle,3
haunt,3
despair,3
kneaded,3
savest,3
strivings,3
maharai,3
protested,3
fitted,3
networks,3
targets,3
zarephath,3
cleaved,3
ivah,3
paseah,3
leader,3
shebuel,3
jehonathan,3
dismissed,3
hadid,3
hurtful,3
meshezabeel,3
goldsmiths,3
bakbukiah,3
stain,3
silly,3
heavier,3
scent,3
wasteth,3
lettest,3
check,3
sufficiency,3
carrieth,3
tomb,3
kindleth,3
awe,3
enduring,3
hateful,3
begging,3
watcheth,3
calamities,3
hammers,3
loves,3
begetteth,3
gravel,3
constantly,3
buyeth,3
plowshares,3
bittern,3
sweep,3
viper,3
grounded,3
teats,3
burnings,3
comprehended,3
bel,3
visage,3
proclaiming,3
aliens,3
jewry,3
meaning,3
aminadab,3
scorched,3
buildings,3
earthquakes,3
perceiving,3
galilaean,3
manger,3
prisons,3
justus,3
lydda,3
exhorted,3
berea,3
concluded,3
temperate,3
diversities,3
freewoman,3
slippery,3
meted,3
confirmation,3
obtaining,3
user,3
conception,3
siddim,3
aner,3
buz,3
mibsam,3
lien,3
deprived,3
colts,3
sheepshearers,3
protest,3
dine,3
dainties,3
sighed,3
baalzephon,3
entangled,3
hating,3
bore,3
dishes,3
covers,3
underneath,3
cassia,3
whereinto,3
copulation,3
kinswoman,3
sojourners,3
assured,3
nursing,3
sheshai,3
unwalled,3
muzzle,3
terribleness,3
unicorns,3
achshaph,3
houghed,3
holon,3
endor,3
groanings,3
sustenance,3
talkest,3
abelmeholah,3
sweeter,3
mahlon,3
ebenezer,3
coffer,3
bribes,3
mail,3
weaker,3
eliada,3
bunches,3
lifetime,3
barest,3
affinity,3
winding,3
promisedst,3
shipmen,3
ijon,3
jehonadab,3
ripped,3
esarhaddon,3
jarib,3
sallu,3
azaziah,3
shubael,3
relied,3
questioned,3
mattenai,3
bunni,3
ice,3
chooseth,3
bushes,3
dainty,3
scorning,3
oppressions,3
disannul,3
subdueth,3
congregations,3
desires,3
panteth,3
banner,3
fowler,3
extortioner,3
naughty,3
revenues,3
provoketh,3
idleness,3
event,3
travelling,3
lightness,3
coniah,3
nehelamite,3
wanted,3
ezekiel,3
inkhorn,3
ruins,3
despiteful,3
setting,3
torches,3
naasson,3
deceitfulness,3
thefts,3
carest,3
greetings,3
pontus,3
alexandria,3
preacheth,3
trophimus,3
particularly,3
lysias,3
propitiation,3
blessedness,3
manifestation,3
transformed,3
sowest,3
chaste,3
sometimes,3
compassing,3
acknowledging,3
applicable,3
disclaimer,3
start,3
lesser,3
subtil,3
sweat,3
hundredth,3
imagined,3
nineteen,3
nebajoth,3
watering,3
getting,3
foremost,3
dothan,3
leanfleshed,3
asenath,3
verified,3
foal,3
borrowed,3
agate,3
thumbs,3
pelican,3
grudge,3
directly,3
booty,3
azmon,3
azzah,3
outstretched,3
fray,3
sihor,3
ibleam,3
described,3
bezek,3
adonibezek,3
askelon,3
threshed,3
micahs,3
redeeming,3
zuph,3
smith,3
file,3
shearing,3
conduct,3
pavilions,3
perpetually,3
peacocks,3
refresh,3
lap,3
tiglathpileser,3
adrammelech,3
seduced,3
hamutal,3
naarah,3
shimri,3
hagarites,3
shuppim,3
chenaniah,3
perez,3
submitted,3
remedy,3
register,3
weakened,3
chancellor,3
helping,3
ithiel,3
memucan,3
overturneth,3
perceiveth,3
gnasheth,3
gin,3
sudden,3
sapphires,3
opinion,3
crib,3
contendeth,3
scornful,3
visitest,3
awaketh,3
trample,3
fulfilling,3
whorish,3
spendeth,3
bewrayeth,3
hay,3
befalleth,3
applied,3
wanton,3
convert,3
perplexity,3
surprised,3
ransomed,3
travailing,3
has,3
mounts,3
pitiful,3
pourtrayed,3
desirable,3
adulteresses,3
grecia,3
dishonoureth,3
philips,3
unwashen,3
herodians,3
alabaster,3
buffeted,3
golgotha,3
begged,3
malefactors,3
phenice,3
claudius,3
jupiter,3
dissension,3
gallio,3
sailing,3
bernice,3
affirm,3
justification,3
stephanas,3
admonition,3
heresies,3
barbarian,3
striving,3
epaphras,3
links,3
payments,3
defective,3
liability,3
included,3
eighty,3
elishah,3
womenservants,3
wrestled,3
whensoever,3
mizzah,3
manahath,3
spilled,3
lade,3
ashbel,3
hind,3
snuffdishes,3
filleted,3
thighs,3
tempered,3
tablets,3
flay,3
parteth,3
reconciling,3
catcheth,3
uncovereth,3
poll,3
blessest,3
balaams,3
stoodest,3
simeonites,3
kirjathaim,3
manassites,3
creditor,3
slippeth,3
commandest,3
kanah,3
dagger,3
impoverished,3
boweth,3
fairer,3
withs,3
thitherward,3
beggar,3
invited,3
merab,3
champion,3
hachilah,3
shearers,3
railed,3
amalekite,3
abuse,3
succour,3
toi,3
lodebar,3
polled,3
perversely,3
channels,3
ruling,3
gareb,3
additions,3
kneeling,3
almug,3
disguise,3
letteth,3
ruinous,3
zimmah,3
jashobeam,3
isshiah,3
triest,3
revolt,3
caldrons,3
geshem,3
armoury,3
deliveredst,3
hamans,3
hedged,3
sealeth,3
multiplieth,3
answers,3
infinite,3
plentifully,3
marketh,3
banners,3
fearfulness,3
philistia,3
benefits,3
thankful,3
pitieth,3
prating,3
apples,3
aboundeth,3
preeminence,3
defer,3
fairest,3
queens,3
confederacy,3
dwellers,3
obscurity,3
note,3
menstruous,3
ravenous,3
handled,3
aven,3
mene,3
confessing,3
flatteries,3
palmerworm,3
justly,3
hen,3
bridechamber,3
dull,3
gennesaret,3
platted,3
zacchaeus,3
nobleman,3
descent,3
delivering,3
affirmed,3
paradise,3
phrygia,3
singleness,3
bewitched,3
fourfooted,3
anchors,3
edify,3
likeminded,3
contrariwise,3
friendly,3
translated,3
cloke,3
disorderly,3
//www,3
official,3
royalty,3
efforts,3
warranties,3
zillah,3
sarahs,3
jetur,3
gatam,3
ithran,3
malchiel,3
meant,3
heavily,3
stealeth,3
loaf,3
perfume,3
turtles,3
severed,3
superfluous,3
unwittingly,3
convocations,3
appertained,3
bit,3
succeeded,3
claws,3
fainthearted,3
rescue,3
trustedst,3
stiff,3
ascribe,3
jeshurun,3
enlargeth,3
wedge,3
bethjeshimoth,3
arba,3
kabzeel,3
obeying,3
harosheth,3
bewailed,3
tow,3
virtuous,3
ephrathite,3
seething,3
circuit,3
rescued,3
feigned,3
subtilly,3
lurking,3
maacah,3
thanked,3
pulse,3
apace,3
ikkesh,3
advise,3
wreaths,3
proportion,3
eziongeber,3
bounty,3
ashtoreth,3
milcom,3
tahpenes,3
barrel,3
bags,3
halah,3
azriel,3
musical,3
sixteenth,3
gershonite,3
won,3
tillage,3
algum,3
leaders,3
adonikam,3
blush,3
shabbethai,3
kelita,3
jaddua,3
hoshaiah,3
enjoined,3
decayeth,3
counteth,3
enticed,3
cleanseth,3
puffeth,3
fashioneth,3
mixture,3
dregs,3
attire,3
jewel,3
handleth,3
confesseth,3
partner,3
weariness,3
shadows,3
vehement,3
pruninghooks,3
peeled,3
solemnities,3
subscribe,3
whores,3
despite,3
habakkuk,3
esrom,3
zorobabel,3
zabulon,3
bushel,3
farthing,3
beseeching,3
overshadowed,3
callest,3
marketplace,3
platter,3
elects,3
cares,3
gadarenes,3
seduce,3
abba,3
samaritan,3
siloam,3
excuse,3
stewardship,3
perhaps,3
gainsaying,3
apprehended,3
greeting,3
concupiscence,3
admonish,3
ensamples,3
easily,3
perga,3
ensample,3
sardis,3
u,3
mist,3
eatest,3
thoroughly,3
fearest,3
sustained,3
ewes,3
omar,3
birthday,3
stalk,3
discreet,3
jezer,3
embalmed,3
zipporah,3
frontlets,3
gloriously,3
palestina,3
carbuncle,3
heaved,3
israelitish,3
sale,3
pardoned,3
rebels,3
shemuel,3
bees,3
fallow,3
profess,3
bondwomen,3
flowed,3
dissembled,3
baalgad,3
therefrom,3
thebez,3
askest,3
samsons,3
lehi,3
kick,3
abiel,3
witchcraft,3
fare,3
jonathans,3
exceeded,3
stuck,3
tekoite,3
figures,3
square,3
train,3
midday,3
ben,3
naught,3
mattan,3
warring,3
provocations,3
neariah,3
reaiah,3
abdi,3
japhlet,3
elpaal,3
galal,3
pelonite,3
berachah,3
shemariah,3
unni,3
bilgah,3
izharites,3
oded,3
forests,3
miniamin,3
necho,3
ziha,3
toll,3
beautify,3
ahava,3
esthers,3
headlong,3
orion,3
pleadeth,3
printed,3
pureness,3
daytime,3
directed,3
directeth,3
thundereth,3
dart,3
approve,3
beg,3
unity,3
retaineth,3
impudent,3
diggeth,3
dropping,3
buyer,3
riotous,3
excelleth,3
joyfully,3
grinding,3
flagons,3
terribly,3
heweth,3
carriages,3
cockatrice,3
shadowing,3
carelessly,3
obeyeth,3
righteousnesses,3
lothed,3
nergalsharezer,3
oppressing,3
amber,3
lewd,3
lydia,3
tumults,3
stall,3
manasses,3
decapolis,3
despitefully,3
ofttimes,3
pretence,3
damned,3
glorifying,3
tanner,3
overcame,3
erastus,3
spiritually,3
author,3
fleshly,3
deceivers,3
reprobates,3
deacons,3
demas,3
worlds,3
derivative,3
future,3
defect,3
email,3
